insert into chat_room_entity (room_name, id) values ('room - 1', 1)
insert into chat_room_entity (room_name, id) values ('room - 2', 2)

insert into chat_member_entity (user_id, user_name, user_nick_name, user_pw, id) values ('id10', 'member name : 10', 'member nick : 10', 'pw10', 1)
insert into chat_member_entity (user_id, user_name, user_nick_name, user_pw, id) values ('id11', 'member name : 11', 'member nick : 11', 'pw11', 2)
insert into chat_member_entity (user_id, user_name, user_nick_name, user_pw, id) values ('id12', 'member name : 12', 'member nick : 12', 'pw12', 3)
insert into chat_member_entity (user_id, user_name, user_nick_name, user_pw, id) values ('id13', 'member name : 13', 'member nick : 13', 'pw13', 4)
insert into chat_member_entity (user_id, user_name, user_nick_name, user_pw, id) values ('id14', 'member name : 14', 'member nick : 14', 'pw14', 5)
insert into chat_member_entity (user_id, user_name, user_nick_name, user_pw, id) values ('id15', 'member name : 15', 'member nick : 15', 'pw15', 6)
insert into chat_member_entity (user_id, user_name, user_nick_name, user_pw, id) values ('id16', 'member name : 16', 'member nick : 16', 'pw16', 7)
insert into chat_member_entity (user_id, user_name, user_nick_name, user_pw, id) values ('id17', 'member name : 17', 'member nick : 17', 'pw17', 8)
insert into chat_member_entity (user_id, user_name, user_nick_name, user_pw, id) values ('id18', 'member name : 18', 'member nick : 18', 'pw18', 9)
insert into chat_member_entity (user_id, user_name, user_nick_name, user_pw, id) values ('id19', 'member name : 19', 'member nick : 19', 'pw19', 10)

insert into chat_member_entity (user_id, user_name, user_nick_name, user_pw, id) values ('id20', 'member name : 20', 'member nick : 20', 'pw20', 11)
insert into chat_member_entity (user_id, user_name, user_nick_name, user_pw, id) values ('id21', 'member name : 21', 'member nick : 21', 'pw21', 12)
insert into chat_member_entity (user_id, user_name, user_nick_name, user_pw, id) values ('id22', 'member name : 22', 'member nick : 22', 'pw22', 13)
insert into chat_member_entity (user_id, user_name, user_nick_name, user_pw, id) values ('id23', 'member name : 23', 'member nick : 23', 'pw23', 14)
insert into chat_member_entity (user_id, user_name, user_nick_name, user_pw, id) values ('id24', 'member name : 24', 'member nick : 24', 'pw24', 15)
insert into chat_member_entity (user_id, user_name, user_nick_name, user_pw, id) values ('id25', 'member name : 25', 'member nick : 25', 'pw25', 16)
insert into chat_member_entity (user_id, user_name, user_nick_name, user_pw, id) values ('id26', 'member name : 26', 'member nick : 26', 'pw26', 17)
insert into chat_member_entity (user_id, user_name, user_nick_name, user_pw, id) values ('id27', 'member name : 27', 'member nick : 27', 'pw27', 18)
insert into chat_member_entity (user_id, user_name, user_nick_name, user_pw, id) values ('id28', 'member name : 28', 'member nick : 28', 'pw28', 19)
insert into chat_member_entity (user_id, user_name, user_nick_name, user_pw, id) values ('id29', 'member name : 29', 'member nick : 29', 'pw29', 20)


insert into chat_participation_entity (member_id, room_id, id) values (1, 1, 1)
insert into chat_participation_entity (member_id, room_id, id) values (2, 1, 2)
insert into chat_participation_entity (member_id, room_id, id) values (3, 1, 3)
insert into chat_participation_entity (member_id, room_id, id) values (4, 1, 4)
insert into chat_participation_entity (member_id, room_id, id) values (5, 1, 5)
insert into chat_participation_entity (member_id, room_id, id) values (6, 1, 6)
insert into chat_participation_entity (member_id, room_id, id) values (7, 1, 7)
insert into chat_participation_entity (member_id, room_id, id) values (8, 1, 8)
insert into chat_participation_entity (member_id, room_id, id) values (9, 1, 9)
insert into chat_participation_entity (member_id, room_id, id) values (10, 1, 10)

insert into chat_participation_entity (member_id, room_id, id) values (11, 2, 11)
insert into chat_participation_entity (member_id, room_id, id) values (12, 2, 12)
insert into chat_participation_entity (member_id, room_id, id) values (13, 2, 13)
insert into chat_participation_entity (member_id, room_id, id) values (14, 2, 14)
insert into chat_participation_entity (member_id, room_id, id) values (15, 2, 15)
insert into chat_participation_entity (member_id, room_id, id) values (16, 2, 16)
insert into chat_participation_entity (member_id, room_id, id) values (17, 2, 17)
insert into chat_participation_entity (member_id, room_id, id) values (18, 2, 18)
insert into chat_participation_entity (member_id, room_id, id) values (19, 2, 19)
insert into chat_participation_entity (member_id, room_id, id) values (20, 2, 20)


